Landcover Classification,Total Aboveground Carbon (MT CO2e),Total Soil Carbon (MTCO2e),Total NO Emissions (MT CO2e),"Total Net, Stocks Minus Emissions (MTCO2e)",Acres,Year
Fallow,0,276669.09387359995,10.565468327348158,276658.5284052726,10115.715344699778,2016
Fodder,44598.59999464817,1879747.6255413303,1632.8526750985625,1922713.37286088,27043.143068939957,2016
Greenhouse,0,71191.98013203,44.56982383314936,71147.41030819685,1937.2127501853224,2016
Orchard,435345.6723299999,847164.5167095901,1981.3067595937177,1280528.8822799963,16423.054114158636,2016
Row Crop,100794.11811120028,4268834.29477089,19065.178896647547,4350563.233985443,87138.54707190511,2016
Vineyard,128044.23011999998,1819934.71941438,1123.6921853740034,1946855.257349006,30925.352112676057,2016
Total,708782.6205558483,9163542.23044182,23858.165808874328,9848466.685188795,173583.02446256485,2016
