year,acres_fallow,acres_fodder,acres_greenhouse,acres_orchard,acres_pastureland,acres_row_crop,acres_vineyard,acres_rangeland,abvgc_fallow,abvgc_fodder,abvgc_greenhouse,abvgc_orchard,abvgc_pastureland,abvgc_row_crop,abvgc_vineyard,abvgc_rangeland,soilc_fallow,soilc_fodder,soilc_greenhouse,soilc_orchard,soilc_pastureland,soilc_row_crop,soilc_vineyard,soilc_rangeland,noemit_fallow,noemit_fodder,noemit_greenhouse,noemit_orchard,noemit_pastureland,noemit_row_crop,noemit_vineyard,noemit_rangeland,net_fallow,net_fodder,net_greenhouse,net_orchard,net_pastureland,net_row_crop,net_vineyard,net_rangeland
2012,4057.6723498888064,13828.24314306894,806.8198665678281,12710.971089696071,4782.431430689399,78032.02372127502,27371.386212008896,584125,0,25183.304996978004,0,390794.41196999996,0,94687.83690840026,117894.63959999998,39319526.6916052,235189.27613709,927278.9113523399,50637.39976971,773028.8441181,283496.5091574,3974855.7023308803,1651443.51173067,19630526.612318065,0,859.849025049165,0,1533.6237289036308,11.17315598397782,16906.940185810778,932.6287530275597,0,235189.27613709,951602.3673242688,50637.39976971,1162289.6323591962,283485.336001416,4052636.5990534695,1768405.5225776422,58950053.303923264
2016,10115.715344699778,27043.143068939957,1937.2127501853224,16423.054114158636,NA,87138.54707190511,30925.352112676057,586047,0,44598.59999464817,0,435345.6723299999,NA,100794.11811120028,128044.23011999998,39448903.332394876,276669.09387359995,1879747.6255413303,71191.98013203,847164.5167095901,NA,4268834.29477089,1819934.71941438,19695118.732410297,10.565468327348158,1632.8526750985625,44.56982383314936,1981.3067595937177,NA,19065.178896647547,1123.6921853740034,0,276658.5284052726,1922713.37286088,71147.41030819685,1280528.8822799963,NA,4350563.233985443,1946855.257349006,59144022.06480517
2019,8027.279466271312,25113.269088213492,1691.9199406968125,13633.654558932543,2360.859896219422,68716.6790214974,31766.86434395849,573678,0,45735.029994511795,0,419161.9962599999,0,83384.14647960023,136826.94014999998,38616302.047312975,362118.31416891003,1899782.8770963603,57148.38748836,837795.4374097801,161152.93080009,3671360.71114293,1883545.6617745198,19279437.18536512,0,1561.5591740676714,0,1853.481321904332,146.79978208652045,14895.752117980364,1073.523909365122,0,362118.31416891003,1943956.3479168045,57148.38748836,1255103.9523478756,161006.13101800348,3739849.10550455,2019299.0780151547,57895739.2326781
